path,file_type,size_bytes,mtime_iso,git_status,tracked
.firebaserc,(no ext),175,2026-08-19T08:30:06.151084,,tracked
.github/workflows/deploy.yml.disabled,.disabled,1132,2026-07-27T17:46:08.962225,,untracked
.gitignore,(no ext),1043,2026-08-24T06:13:56.729442,,tracked
add_cache.py,.py,514,2026-08-22T20:19:42.580117,,tracked
add_cache_buster.py,.py,898,2026-08-22T20:19:07.643831,,tracked
add_cursor_pointer.py,.py,1337,2026-08-23T13:35:53.343369,,tracked
add_modal_script.py,.py,1448,2026-08-23T10:13:10.518342,,tracked
apply_guards.py,.py,1991,2026-08-22T19:23:56.625688,,tracked
astro.config.mjs,.mjs,188,2026-07-27T17:46:08.967226,,tracked
aviasafe_sms_hybrid_landing_page.html,.html,42811,2026-08-18T13:18:24.594668,,tracked
backend/.env,(no ext),4666,2026-08-18T16:58:10.330974,,untracked
backend/.env.demo,.demo,4714,2026-08-24T06:58:43.097513,,untracked
backend/.env.demo.example,.example,3432,2026-08-24T08:27:58.489640,,untracked
backend/.env.example,.example,1756,2026-08-07T19:31:29.297823,,untracked
backend/__init__.py,.py,374,2026-07-26T12:09:22.491117,,untracked
backend/_audit_all_tenants.py,.py,17628,2026-08-23T06:52:10.898586,,untracked
backend/_purge_prod_database.py,.py,2007,2026-08-22T19:17:09.661596,,untracked
backend/add_guards.py,.py,2111,2026-08-22T19:21:14.069602,,untracked
backend/aerosafety-sms-prod-sa.json,.json,2397,2026-08-18T19:37:25.929583,,untracked
backend/app/__init__.py,.py,385,2026-07-26T11:46:57.143264,,untracked
backend/app/core/__init__.py,.py,0,2026-07-27T06:54:39.450017,,untracked
backend/app/core/config.py,.py,10329,2026-08-24T08:27:54.982668,,untracked
backend/app/core/cors.py,.py,3900,2026-08-24T08:27:47.944501,,untracked
backend/app/core/logging.py,.py,2220,2026-07-27T06:57:57.536810,,untracked
backend/app/core/metrics.py,.py,2587,2026-07-27T10:04:04.730800,,untracked
backend/app/core/perf.py,.py,3318,2026-08-23T19:48:31.374388,,untracked
backend/app/core/security.py,.py,1554,2026-07-27T06:58:52.163577,,untracked
backend/app/data/psoe_appendix10.json,.json,8606,2026-08-20T15:35:59.913650,,untracked
backend/app/database.py,.py,486,2026-07-26T11:47:02.420988,,untracked
backend/app/firebase.py,.py,3862,2026-08-04T10:27:05.258598,,untracked
backend/app/main.py,.py,12529,2026-08-24T08:27:50.810755,,untracked
backend/app/middleware/__init__.py,.py,394,2026-07-26T11:47:02.140580,,untracked
backend/app/middleware/app_check.py,.py,3819,2026-08-19T11:58:51.440058,,untracked
backend/app/middleware/auth.py,.py,8525,2026-08-20T15:35:59.915658,,untracked
backend/app/middleware/rate_limit.py,.py,14557,2026-08-23T19:51:19.804557,,untracked
backend/app/models/__init__.py,.py,387,2026-07-26T11:46:58.065152,,untracked
backend/app/models/can_cap.py,.py,10663,2026-08-21T16:33:06.439653,,untracked
backend/app/models/corrective_action.py,.py,2649,2026-07-28T08:38:19.379954,,untracked
backend/app/models/error.py,.py,349,2026-07-27T07:19:01.662508,,untracked
backend/app/models/flight_diversion.py,.py,3441,2026-07-28T11:37:46.831901,,untracked
backend/app/models/hazard.py,.py,8940,2026-08-20T15:35:59.917658,,untracked
backend/app/models/psoe.py,.py,5722,2026-08-20T15:46:47.446460,,untracked
backend/app/models/report.py,.py,14116,2026-08-20T15:35:59.918662,,untracked
backend/app/models/reporting.py,.py,1315,2026-07-28T08:52:20.078080,,untracked
backend/app/models/risk_register.py,.py,2920,2026-07-28T08:38:23.288338,,untracked
backend/app/models/safety_deficiency.py,.py,3013,2026-07-28T08:38:15.883148,,untracked
backend/app/models/state_risk.py,.py,3204,2026-08-20T15:35:59.919657,,untracked
backend/app/models/tenant_profile.py,.py,5231,2026-08-17T12:57:11.078633,,untracked
backend/app/models/verification.py,.py,1949,2026-07-28T08:43:53.025254,,untracked
backend/app/routes/__init__.py,.py,385,2026-07-26T11:46:58.671283,,untracked
backend/app/routes/admin.py,.py,38902,2026-08-19T13:27:55.976216,,untracked
backend/app/routes/auth.py,.py,16081,2026-08-20T15:35:59.920661,,untracked
backend/app/routes/can_cap.py,.py,24086,2026-08-23T06:49:57.785173,,untracked
backend/app/routes/contact.py,.py,4817,2026-08-07T19:39:36.391551,,untracked
backend/app/routes/copilot.py,.py,5103,2026-08-19T11:59:08.315003,,untracked
backend/app/routes/dashboard.py,.py,14532,2026-08-24T18:31:31.759193,,untracked
backend/app/routes/demo.py,.py,6644,2026-08-22T12:07:45.043148,,untracked
backend/app/routes/feedback.py,.py,2762,2026-08-09T21:21:26.125436,,untracked
backend/app/routes/flight_diversions.py,.py,9155,2026-08-10T17:04:30.366942,,untracked
backend/app/routes/hazards.py,.py,16357,2026-08-21T19:44:37.640334,,untracked
backend/app/routes/psoe.py,.py,28357,2026-08-21T19:44:55.967999,,untracked
backend/app/routes/regulators.py,.py,1773,2026-08-07T08:45:57.592800,,untracked
backend/app/routes/reporting.py,.py,13616,2026-08-11T07:08:50.388805,,untracked
backend/app/routes/reports.py,.py,13947,2026-08-09T20:31:04.403566,,untracked
backend/app/routes/state_risk.py,.py,3971,2026-08-11T07:08:50.359811,,untracked
backend/app/routes/surveys.py,.py,9331,2026-08-21T21:24:11.284511,,untracked
backend/app/routes/tenants.py,.py,10216,2026-08-20T15:35:59.925664,,untracked
backend/app/routes/verification.py,.py,5648,2026-08-02T16:22:05.863261,,untracked
backend/app/services/__init__.py,.py,389,2026-07-26T11:47:00.287231,,untracked
backend/app/services/admin_data_service.py,.py,17497,2026-08-11T05:03:42.544575,,untracked
backend/app/services/ai_copilot.py,.py,5257,2026-08-23T06:50:14.092194,,untracked
backend/app/services/archetype_scope.py,.py,1523,2026-08-21T19:43:32.781643,,untracked
backend/app/services/audit_service.py,.py,1684,2026-08-06T21:34:32.124750,,untracked
backend/app/services/can_cap_service.py,.py,48740,2026-08-24T18:34:07.999543,,untracked
backend/app/services/dashboard_service.py,.py,46094,2026-08-20T15:35:59.926945,,untracked
backend/app/services/email_service.py,.py,6319,2026-08-07T14:46:58.853993,,untracked
backend/app/services/escalation_service.py,.py,6452,2026-08-08T11:23:32.036423,,untracked
backend/app/services/flight_diversion_service.py,.py,12922,2026-08-10T17:03:53.990740,,untracked
backend/app/services/gemini.py,.py,21798,2026-08-24T08:27:41.512178,,untracked
backend/app/services/gmail_dispatcher.py,.py,7749,2026-08-19T16:16:24.022341,,untracked
backend/app/services/groq_copilot.py,.py,29177,2026-08-23T19:51:01.066128,,untracked
backend/app/services/hazard_service.py,.py,26084,2026-08-24T18:37:13.495512,,untracked
backend/app/services/invites.py,.py,11671,2026-08-20T15:35:59.928957,,untracked
backend/app/services/login_service.py,.py,3233,2026-08-19T10:35:23.259871,,untracked
backend/app/services/master_register.py,.py,27205,2026-08-24T18:32:37.045633,,untracked
backend/app/services/metrics_service.py,.py,13568,2026-08-09T21:00:50.298378,,untracked
backend/app/services/pdf_generator.py,.py,9961,2026-08-20T15:35:59.929968,,untracked
backend/app/services/production_seed.py,.py,21752,2026-08-21T08:07:38.104600,,untracked
backend/app/services/psoe_service.py,.py,6746,2026-08-20T15:35:59.929968,,untracked
backend/app/services/regulator_service.py,.py,3963,2026-08-11T07:08:50.355807,,untracked
backend/app/services/report_generator.py,.py,16613,2026-08-20T15:35:59.930964,,untracked
backend/app/services/report_service.py,.py,14402,2026-08-20T15:35:59.930964,,untracked
backend/app/services/repository.py,.py,14673,2026-08-24T18:34:15.289043,,untracked
backend/app/services/risk_matrix.py,.py,6440,2026-08-20T15:35:59.931959,,untracked
backend/app/services/srm_engine.py,.py,13000,2026-08-20T15:35:59.931959,,untracked
backend/app/services/state_risk_service.py,.py,18263,2026-08-20T15:35:59.932962,,untracked
backend/app/services/survey_scoring.py,.py,11573,2026-08-21T21:36:28.173088,,untracked
backend/app/services/tenant_credentials.py,.py,12026,2026-08-13T08:04:14.178206,,untracked
backend/app/services/tenant_registration.py,.py,23720,2026-08-20T15:35:59.933960,,untracked
backend/app/services/tenant_service.py,.py,8058,2026-08-14T07:54:18.599760,,untracked
backend/app/services/users.py,.py,5669,2026-08-20T15:35:59.933960,,untracked
backend/app/services/verification_service.py,.py,10941,2026-07-28T08:44:18.632004,,untracked
backend/app/templates/welcome_email.html,.html,4774,2026-08-13T08:04:13.795250,,untracked
backend/cloudrun.yaml,.yaml,1275,2026-07-27T06:57:18.128790,,untracked
backend/cloudscheduler.yaml,.yaml,1774,2026-08-08T11:26:32.138457,,untracked
backend/demo/__init__.py,.py,75,2026-08-21T19:55:14.920072,,untracked
backend/demo/analytics.py,.py,2711,2026-08-21T19:55:48.284331,,untracked
backend/demo/session_manager.py,.py,7217,2026-08-22T12:07:25.951170,,untracked
backend/Dockerfile,(no ext),375,2026-08-24T18:38:20.549187,,untracked
backend/firestore.indexes.json,.json,3753,2026-08-20T15:35:59.934960,,untracked
backend/gap-analysis-ssp-sa.json,.json,2388,2026-08-18T19:32:44.314188,,untracked
backend/logs/aviasafe.json,.json,36697061,2026-08-24T18:37:20.614525,,untracked
backend/render.yaml,.yaml,838,2026-08-07T19:31:37.714886,,untracked
backend/requirements.txt,.txt,808,2026-08-23T21:29:08.653800,,untracked
backend/requirements_bak.txt,.txt,1717,2026-08-23T21:28:02.703633,,untracked
backend/scripts/activate_survey_campaigns.py,.py,2020,2026-08-14T10:48:15.225973,,untracked
backend/scripts/audit_feedback.py,.py,1056,2026-08-14T09:59:11.271210,,untracked
backend/scripts/audit_seed_beta.py,.py,11099,2026-08-17T12:23:07.397889,,untracked
backend/scripts/audit_survey_status.py,.py,3407,2026-08-14T10:46:23.568154,,untracked
backend/scripts/backfill_hazards.py,.py,4613,2026-08-14T09:38:42.205959,,untracked
backend/scripts/backfill_sms_maturity.py,.py,3997,2026-08-10T18:41:59.932034,,untracked
backend/scripts/backfill_users.py,.py,2114,2026-08-12T07:04:02.860989,,untracked
backend/scripts/fix_summit_air_user.py,.py,10664,2026-08-24T08:30:52.070087,,untracked
backend/scripts/generate_tenant_details.py,.py,10805,2026-08-21T08:45:29.843304,,untracked
backend/scripts/migrate_beta_db.py,.py,10042,2026-08-19T06:14:25.008949,,untracked
backend/scripts/purge_auth_pool.py,.py,2227,2026-08-19T06:14:25.008949,,untracked
backend/scripts/purge_legacy_accounts.py,.py,2782,2026-08-14T09:40:37.912023,,untracked
backend/scripts/seed_caan_demo_data.py,.py,14389,2026-08-12T06:29:17.915861,,untracked
backend/scripts/seed_flight_diversions.py,.py,11349,2026-08-12T07:09:17.596469,,untracked
backend/scripts/seed_psoe_baselines.py,.py,9144,2026-08-21T09:27:05.797564,,untracked
backend/scripts/simplify_credentials.py,.py,7825,2026-08-11T07:52:07.248847,,untracked
backend/scripts/test_gmail_live.py,.py,3191,2026-08-19T15:39:36.770804,,untracked
backend/scripts/validate_seasonal_seed.py,.py,8539,2026-08-21T17:48:33.816338,,untracked
backend/scripts/verify_beta_logins.py,.py,3748,2026-08-10T20:07:07.877975,,untracked
backend/scripts/verify_caan_live.py,.py,4507,2026-08-12T06:30:04.263063,,untracked
backend/scripts/verify_cap_list.py,.py,1747,2026-08-06T20:43:42.852125,,untracked
backend/seed/__init__.py,.py,562,2026-07-27T08:26:43.357723,,untracked
backend/seed/archetype_config.py,.py,10229,2026-08-21T19:08:00.423322,,untracked
backend/seed/config.py,.py,46621,2026-08-21T17:13:47.596061,,untracked
backend/seed/deploy_seed.py,.py,5191,2026-08-17T12:23:30.979324,,untracked
backend/seed/generator.py,.py,7114,2026-08-21T17:13:58.388641,,untracked
backend/seed/hazard_can.py,.py,38455,2026-08-21T19:08:20.258164,,untracked
backend/seed/operators.py,.py,9498,2026-08-21T20:59:38.602591,,untracked
backend/seed/prospect_registry.py,.py,3066,2026-08-21T19:11:45.358516,,untracked
backend/seed/reports.py,.py,12966,2026-08-16T21:30:36.760546,,untracked
backend/seed/reset_passwords.py,.py,7364,2026-08-21T08:03:45.817468,,untracked
backend/seed/runner.py,.py,29285,2026-08-22T05:41:43.549499,,untracked
backend/seed/state_risk.py,.py,1183,2026-08-11T07:08:50.404809,,untracked
backend/seed/surveys.py,.py,4245,2026-08-14T08:38:36.723525,,untracked
backend/seed/tenant_profiles.py,.py,28651,2026-08-21T08:04:12.519483,,untracked
backend/seed/unseed.py,.py,8846,2026-08-12T06:28:54.271560,,untracked
backend/seed/users.py,.py,3306,2026-08-21T08:03:36.051246,,untracked
backend/tests/__init__.py,.py,0,2026-07-27T06:58:28.011471,,untracked
backend/tests/conftest.py,.py,2024,2026-08-22T07:13:41.174107,,untracked
backend/tests/test_admin_credentials.py,.py,16629,2026-08-14T10:12:50.969143,,untracked
backend/tests/test_admin_feedback.py,.py,4894,2026-08-14T10:13:01.042527,,untracked
backend/tests/test_admin_seed.py,.py,24482,2026-08-21T08:10:39.949540,,untracked
backend/tests/test_admin_tenants.py,.py,10157,2026-08-19T13:29:53.865072,,untracked
backend/tests/test_anti_spam_guardrails.py,.py,24693,2026-08-19T12:09:51.004136,,untracked
backend/tests/test_archetype_api.py,.py,8068,2026-08-22T05:37:54.779525,,untracked
backend/tests/test_archetype_scope.py,.py,1955,2026-08-21T19:48:29.616035,,untracked
backend/tests/test_archetype_seeding.py,.py,4390,2026-08-21T19:06:46.749847,,untracked
backend/tests/test_auth.py,.py,11483,2026-08-18T19:11:21.689496,,untracked
backend/tests/test_contact.py,.py,3356,2026-08-07T19:33:49.071268,,untracked
backend/tests/test_copilot.py,.py,23855,2026-08-22T12:34:54.400733,,untracked
backend/tests/test_copilot_guardrails.py,.py,4006,2026-08-23T06:50:49.905808,,untracked
backend/tests/test_dashboard_risk_trends.py,.py,3488,2026-08-09T21:06:16.898094,,untracked
backend/tests/test_demo_session.py,.py,7107,2026-08-21T20:14:35.621238,,untracked
backend/tests/test_dept_admin_rbac.py,.py,19256,2026-08-20T15:35:59.935961,,untracked
backend/tests/test_escalation_master_register.py,.py,11445,2026-08-21T11:42:51.935660,,untracked
backend/tests/test_feedback.py,.py,2910,2026-08-09T21:24:39.001207,,untracked
backend/tests/test_firestore_rules_py.py,.py,2274,2026-08-23T06:51:25.320044,,untracked
backend/tests/test_gmail_dispatcher.py,.py,9631,2026-08-19T16:16:36.727708,,untracked
backend/tests/test_health.py,.py,4619,2026-08-19T11:51:04.194505,,untracked
backend/tests/test_metrics_service.py,.py,3838,2026-08-09T21:07:42.947694,,untracked
backend/tests/test_psoe_models.py,.py,17535,2026-08-20T15:35:59.935961,,untracked
backend/tests/test_rbac_claims.py,.py,8773,2026-08-21T08:05:49.562730,,untracked
backend/tests/test_regulators.py,.py,11920,2026-08-11T07:08:50.444809,,untracked
backend/tests/test_reporting_scoping.py,.py,11105,2026-08-11T07:31:38.700521,,untracked
backend/tests/test_risk_assessment_lifecycle.py,.py,45324,2026-08-20T15:35:59.936961,,untracked
backend/tests/test_risk_matrix.py,.py,10427,2026-08-20T15:35:59.938110,,untracked
backend/tests/test_security_boundaries.py,.py,8445,2026-08-23T06:51:50.109333,,untracked
backend/tests/test_seed_beta_config.py,.py,21083,2026-08-21T17:31:09.792099,,untracked
backend/tests/test_seed_scope.py,.py,5992,2026-08-21T21:00:17.816875,,untracked
backend/tests/test_self_service_registration.py,.py,24723,2026-08-19T06:14:25.009948,,untracked
backend/tests/test_srm_engine.py,.py,20148,2026-08-20T15:35:59.938618,,untracked
backend/tests/test_state_risk.py,.py,41186,2026-08-20T15:35:59.939633,,untracked
backend/tests/test_survey_scoring.py,.py,8247,2026-08-21T21:36:52.507273,,untracked
backend/tests/test_surveys.py,.py,9271,2026-08-10T18:27:36.071906,,untracked
backend/tests/test_tenants_config.py,.py,21812,2026-08-22T05:29:00.103692,,untracked
backend/tests/test_tenants_users.py,.py,7885,2026-08-07T07:43:59.932201,,untracked
beta-testing-credentials.csv,.csv,5691,2026-08-21T08:09:11.216295,,untracked
BETA_CREDENTIALS_2026-08-08.md,.md,2980,2026-08-08T07:59:38.513307,,untracked
check_and_deploy.py,.py,586,2026-08-23T13:51:39.802629,,tracked
check_modal.py,.py,689,2026-08-23T13:18:03.434014,,tracked
convert_button.py,.py,1381,2026-08-23T14:02:43.007633,,tracked
convert_button2.py,.py,1736,2026-08-23T14:03:27.866584,,tracked
count_footers.py,.py,814,2026-08-23T13:58:32.198502,,tracked
DEMO_CREDENTIALS_VERIFIED.md,.md,11490,2026-08-24T08:30:43.700166,,tracked
demostart.bat,.bat,1202,2026-08-24T08:09:51.792254,,tracked
demostop.bat,.bat,985,2026-08-24T08:10:07.099422,,tracked
design/risk-assessment-v1.md,.md,9267,2026-08-02T11:31:19.576503,,untracked
docker-compose.yml,.yml,810,2026-08-24T18:38:10.516546,,tracked
docs/.env.template,.template,2165,2026-08-22T05:59:28.490513,,untracked
docs/ADMIN_GUIDE.md,.md,4096,2026-08-07T15:29:27.579623,,untracked
docs/API.md,.md,18048,2026-08-11T21:22:12.943220,,untracked
docs/ARCHITECTURE.md,.md,10801,2026-08-04T13:23:07.351928,,untracked
docs/archive/BETA_MONITORING_GUIDE.md,.md,5641,2026-08-08T12:16:17.577493,,untracked
docs/archive/DEMO_GUIDE.md,.md,7220,2026-08-02T11:29:51.845651,,untracked
docs/archive/GAPS.md,.md,4731,2026-08-11T07:08:50.533022,,untracked
docs/archive/manual_verification.md,.md,969,2026-08-11T07:08:50.542028,,untracked
docs/archive/PRE_LAUNCH_ASSURANCE_REPORT.md,.md,11579,2026-08-10T18:27:36.112158,,untracked
docs/archive/PROJECT_CHARTER.md,.md,5636,2026-08-10T18:40:43.072239,,untracked
docs/archive/PROJECT_STATUS_REPORT_05AUG2026.md,.md,18651,2026-08-10T18:27:36.113874,,untracked
docs/archive/README.md,.md,949,2026-08-07T15:29:55.203569,,untracked
docs/archive/Software Assurance & Certification Framework.md,.md,8063,2026-08-04T16:53:22.193820,,untracked
docs/BETA_ENVIRONMENT.md,.md,6923,2026-08-19T06:14:25.011290,,untracked
docs/BETA_INVITATION_TEMPLATE.md,.md,3281,2026-08-05T19:34:11.951534,,untracked
docs/BETA_TEST_CHECKLIST.md,.md,3744,2026-08-08T12:15:58.960844,,untracked
docs/BETA_TESTERS.md,.md,4236,2026-08-10T20:03:37.869651,,untracked
docs/CLEANUP_MANIFEST.md,.md,2140,2026-08-22T05:58:28.898640,,untracked
docs/CREDENTIALS.md,.md,11883,2026-08-21T08:08:59.328635,,untracked
docs/DEPLOYMENT.md,.md,10893,2026-08-19T06:14:25.012298,,untracked
docs/FEEDBACK_FORM_STRUCTURE.md,.md,3742,2026-08-11T07:08:50.531027,,untracked
docs/FILE_STRUCTURE.md,.md,7676,2026-08-07T16:01:55.951504,,untracked
docs/GLOSSARY.md,.md,3853,2026-08-14T10:19:42.133261,,untracked
docs/GO_LIVE_SHUTDOWN_RUNBOOK.md,.md,5185,2026-08-07T15:29:36.376843,,untracked
docs/HAZARD_TAXONOMY.md,.md,1262,2026-08-02T11:31:09.520197,,untracked
docs/HEADWAY_SECURITY_RESOLUTION_SUMMARY.md,.md,330,2026-08-23T06:44:29.122949,,untracked
docs/INSTALLATION.md,.md,5842,2026-08-05T17:10:40.354602,,untracked
docs/KNOWN_LIMITATIONS.md,.md,4717,2026-08-17T07:26:49.178447,,untracked
docs/Master Logsheet-2024.xlsx,.xlsx,875068,2026-06-30T20:21:40.308289,,untracked
docs/Master Logsheet-2025.xlsx,.xlsx,892143,2026-06-30T20:24:39.930234,,untracked
docs/Master Logsheet-2026.xlsx,.xlsx,854672,2026-06-07T12:21:27.317840,,untracked
docs/ONBOARDING_CREDENTIALS_20_AIRLINES.md,.md,2815,2026-08-07T15:29:44.964800,,untracked
docs/OPERATIONS.md,.md,11186,2026-08-19T06:14:25.012298,,untracked
docs/PROJECT_STATUS_REPORT.md,.md,6196,2026-08-22T06:17:29.222148,,untracked
docs/PROJECT_STATUS_REPORT_2026-08-07.md,.md,19078,2026-08-13T08:04:29.011549,,untracked
docs/PROJECT_STATUS_REPORT_2026-08-08.md,.md,20970,2026-08-13T08:04:21.539168,,untracked
docs/PROJECT_STATUS_REPORT_2026-08-10.md,.md,17816,2026-08-13T08:04:21.982809,,untracked
docs/PROJECT_STATUS_REPORT_2026-08-11.md,.md,23707,2026-08-13T08:04:22.431195,,untracked
docs/PROJECT_STATUS_REPORT_2026-08-12.md,.md,8447,2026-08-12T21:37:44.714066,,untracked
docs/PROJECT_STATUS_REPORT_2026-08-14.md,.md,13188,2026-08-14T11:05:18.100988,,untracked
docs/PROJECT_STATUS_REPORT_2026-08-17.md,.md,13285,2026-08-17T13:12:28.218811,,untracked
docs/PROJECT_STATUS_REPORT_2026-08-18.md,.md,13622,2026-08-18T19:11:21.692506,,untracked
docs/PROJECT_STATUS_REPORT_2026-08-19.md,.md,6485,2026-08-19T06:14:25.013300,,untracked
docs/PROJECT_STATUS_REPORT_2026-08-24.md,.md,7819,2026-08-24T06:43:12.698193,,untracked
docs/PROSPECT_DEMO_GUIDE.md,.md,7020,2026-08-21T21:10:26.524512,,untracked
docs/SECURITY.md,.md,7440,2026-08-02T11:28:38.605723,,untracked
docs/SECURITY_AI_GUARDRAILS.md,.md,4470,2026-08-22T12:37:57.257171,,untracked
docs/SECURITY_AUDIT_REPORT.md,.md,7385,2026-08-23T06:41:59.633743,,untracked
docs/tenant_details.txt,.txt,12705,2026-08-21T09:29:09.139115,,untracked
docs/TENANT_METHODOLOGY.md,.md,12797,2026-08-12T05:18:48.655470,,untracked
docs/UAT_Checklist.txt,.txt,12655,2026-08-23T07:13:49.135892,,untracked
docs/USER_FLOW.md,.md,24991,2026-08-10T18:40:43.069237,,untracked
find_footer.py,.py,1233,2026-08-23T13:55:52.976159,,tracked
firebase-debug.log,.log,13375,2026-08-24T14:37:22.244029,,tracked
firebase.json,.json,3849,2026-08-22T07:28:39.606285,,tracked
firestore.indexes.json,.json,2920,2026-08-20T15:35:59.939633,,tracked
firestore.rules,.rules,207,2026-07-26T21:16:47.020531,,tracked
firestore/firestore.rules,.rules,15033,2026-08-22T12:06:05.226723,,untracked
fix_button.py,.py,1162,2026-08-23T14:04:41.097826,,tracked
fix_cache.py,.py,450,2026-08-22T20:28:54.788496,,tracked
fix_close_button.py,.py,1711,2026-08-23T13:19:14.990230,,tracked
fix_css.py,.py,1169,2026-08-22T20:41:37.690089,,tracked
fix_cursor.py,.py,667,2026-08-23T13:38:59.200764,,tracked
fix_hero_button.py,.py,1231,2026-08-23T14:06:43.835967,,tracked
fix_modal.js,.js,2599,2026-08-23T11:00:38.822492,,tracked
fix_modal_responsive.py,.py,1106,2026-08-23T11:03:28.720923,,tracked
fix_responsive.py,.py,1525,2026-08-23T11:04:00.680232,,tracked
frontend-tests/ae_personalization_smoke.js,.js,4495,2026-08-22T05:23:13.104630,,untracked
frontend-tests/check-inline-scripts.js,.js,1727,2026-08-19T10:35:23.261869,,untracked
frontend-tests/chunk10_survey_contract.mjs,.mjs,1269,2026-08-21T21:49:44.496171,,untracked
frontend-tests/chunk12_registry_verify.js,.js,5439,2026-08-21T21:56:10.543791,,untracked
frontend-tests/chunk13_login_routing_verify.js,.js,4684,2026-08-22T05:12:31.768643,,untracked
frontend-tests/chunk8_matrix.js,.js,2835,2026-08-21T21:08:52.967194,,untracked
frontend-tests/dashboard.test.js,.js,8191,2026-08-10T18:40:43.073239,,untracked
frontend-tests/firebase-appcheck-verify.js,.js,3858,2026-08-19T08:03:40.049646,,untracked
frontend-tests/input-guard.test.js,.js,6814,2026-08-19T12:10:34.713980,,untracked
frontend-tests/tenant-context.test.js,.js,16349,2026-08-18T19:11:21.694504,,untracked
frontend-tests/test_firestore_rules.js,.js,3255,2026-08-22T13:54:38.129979,,untracked
load-tests/artillery/caan-dashboard.yml,.yml,1126,2026-08-10T18:27:36.118629,,untracked
load-tests/artillery/dashboard-view.yml,.yml,1029,2026-08-10T20:05:54.358270,,untracked
load-tests/artillery/report-submission.yml,.yml,1510,2026-08-10T20:06:19.892156,,untracked
load-tests/get-token.mjs,.mjs,1222,2026-08-10T20:05:24.585015,,untracked
load-tests/k6/caan-dashboard.js,.js,1450,2026-08-10T18:27:36.120627,,untracked
load-tests/k6/common.js,.js,755,2026-08-07T05:01:19.679095,,untracked
load-tests/k6/dashboard-view.js,.js,1440,2026-08-10T18:27:36.121625,,untracked
load-tests/k6/report-submission.js,.js,2223,2026-08-07T05:01:29.838089,,untracked
load-tests/README.md,.md,4876,2026-08-10T20:05:01.466517,,untracked
login.html,.html,858,2026-08-22T20:29:14.970268,,tracked
login_orig.html,.html,25135,2026-08-24T09:05:40.026858,,tracked
logs/aviasafe.json,.json,31786,2026-08-12T21:33:45.531821,,untracked
manual_verification.md,.md,27983,2026-08-13T08:33:39.937441,,tracked
opencode_design_system_plan.md,.md,29693,2026-08-18T14:26:26.567552,,tracked
package-lock.json,.json,132269,2026-07-27T17:46:49.625511,,tracked
package.json,.json,1001,2026-08-06T15:57:22.336653,,tracked
public/admin/admin-tenants.html,.html,11231,2026-08-19T13:29:12.164861,,untracked
public/admin/app.js,.js,12881,2026-08-06T13:54:40.236791,,untracked
public/admin/index.html,.html,23335,2026-08-19T09:00:43.113855,,untracked
public/admin/login.html,.html,5500,2026-08-19T09:00:43.115964,,untracked
public/admin/production-setup.html,.html,36361,2026-08-19T09:00:43.116984,,untracked
public/admin/tenant-credentials.html,.html,11092,2026-08-19T09:00:43.116984,,untracked
public/administration.html,.html,29191,2026-08-20T15:35:59.940635,,untracked
public/audits/psoe.html,.html,19043,2026-08-20T15:46:33.708730,,untracked
public/caan-state-risk.html,.html,29540,2026-08-19T09:00:43.119269,,untracked
public/caan.html,.html,30018,2026-08-24T09:54:50.030901,,untracked
public/can_cap/can_detail.html,.html,23599,2026-08-21T11:15:33.372881,,untracked
public/can_cap/cans.html,.html,11407,2026-08-23T17:32:48.713460,,untracked
public/can_cap/cap_review.html,.html,34445,2026-08-21T11:14:29.223179,,untracked
public/can_cap/cap_submit.html,.html,25232,2026-08-21T12:08:25.871871,,untracked
public/can_cap/caps.html,.html,11558,2026-08-23T17:32:51.783035,,untracked
public/can_cap/issue.html,.html,16417,2026-08-20T15:46:55.992059,,untracked
public/css/admin-credentials.css,.css,4284,2026-08-18T19:11:21.711804,,untracked
public/css/admin.css,.css,6482,2026-08-18T19:11:21.713896,,untracked
public/css/can-cap-print.css,.css,14337,2026-08-18T19:11:21.713896,,untracked
public/css/contact.css,.css,3204,2026-08-07T19:35:56.702342,,untracked
public/css/copilot-widget.css,.css,8878,2026-08-20T15:35:59.943019,,untracked
public/css/help-drawer.css,.css,5308,2026-08-20T15:35:59.944018,,untracked
public/css/main.css,.css,14934,2026-08-19T11:37:57.619840,,untracked
public/css/shell.css,.css,7133,2026-08-19T11:37:57.619840,,untracked
public/css/srm.css,.css,14461,2026-08-21T10:35:47.992301,,untracked
public/css/tenant-overrides.css,.css,2529,2026-07-26T14:11:03.731440,,untracked
public/css/theme.css,.css,6727,2026-08-19T12:09:24.355674,,untracked
public/css/variables.css,.css,4227,2026-08-19T09:00:43.127276,,untracked
public/dashboard/ae-dashboard.html,.html,92374,2026-08-24T09:55:35.617688,,untracked
public/dashboard/caan-sms-maturity.html,.html,32240,2026-08-24T09:56:16.908970,,untracked
public/dashboard/index.html,.html,37663,2026-08-20T15:35:59.945011,,untracked
public/dashboard/master-register.html,.html,18652,2026-08-23T19:17:46.710167,,untracked
public/dashboard/responsible-manager.html,.html,16157,2026-08-23T19:17:21.040736,,untracked
public/data/help/can_cap.json,.json,3218,2026-08-20T15:35:59.947012,,untracked
public/data/help/fishbone.json,.json,2943,2026-08-21T08:27:54.016469,,untracked
public/data/help/psoe_audit.json,.json,2912,2026-08-20T15:35:59.948011,,untracked
public/data/help/sram_bowtie.json,.json,5028,2026-08-20T15:35:59.949017,,untracked
public/data/help/team_admin.json,.json,2750,2026-08-20T15:35:59.950015,,untracked
public/docs/beta/index.html,.html,12139,2026-08-20T15:35:59.950015,,untracked
public/docs/tenant-guide/01-getting-started/1.0-overview.md,.md,4804,2026-08-10T18:27:36.094090,,untracked
public/docs/tenant-guide/02-account-setup/1.0-account-profile-setup.md,.md,5114,2026-08-11T07:08:50.338806,,untracked
public/docs/tenant-guide/03-safety-reporting/1.0-vsr-mor-submission.md,.md,5633,2026-08-04T08:06:52.320030,,untracked
public/docs/tenant-guide/manifest.json,.json,838,2026-08-02T11:34:38.405717,,untracked
public/docs/tenant-guide/templates/STEP_DOCUMENTATION_TEMPLATE.md,.md,2382,2026-07-30T10:23:22.687696,,untracked
public/favicon.ico,.ico,655,2026-07-27T17:46:08.976226,,untracked
public/favicon.svg,.svg,758,2026-07-27T17:46:08.978159,,untracked
public/flight_diversions/create.html,.html,11370,2026-08-19T09:00:43.132279,,untracked
public/flight_diversions/detail.html,.html,18679,2026-08-19T09:00:43.132279,,untracked
public/flight_diversions/index.html,.html,15217,2026-08-24T09:55:45.449540,,untracked
public/hazards/approve_closure.html,.html,10629,2026-08-19T09:00:43.134283,,untracked
public/hazards/create.html,.html,16382,2026-08-19T09:00:43.135283,,untracked
public/hazards/detail.html,.html,29587,2026-08-20T15:35:59.951017,,untracked
public/hazards/index.html,.html,19052,2026-08-19T09:00:43.137283,,untracked
public/hazards/verify.html,.html,12813,2026-08-19T09:00:43.138282,,untracked
public/images/ghanshyam-acharya.jpg,.jpg,43277,2026-08-06T12:52:07.473718,,untracked
public/images/screenshots/old_screenshot-1.jpg,.jpg,58001,2026-08-06T13:10:47.592812,,untracked
public/images/screenshots/old_screenshot-2.jpg,.jpg,45714,2026-08-06T13:10:47.603814,,untracked
public/images/screenshots/screenshot-1.png,.png,166184,2026-08-11T19:19:25.521631,,untracked
public/images/screenshots/screenshot-2.png,.png,94662,2026-08-11T19:23:20.447860,,untracked
public/images/screenshots/screenshot-3.jpg,.jpg,41308,2026-08-06T13:10:47.610812,,untracked
public/images/screenshots/screenshot-4.jpg,.jpg,43820,2026-08-06T13:10:47.616815,,untracked
public/images/screenshots/screenshot-5.jpg,.jpg,50180,2026-08-06T13:10:47.626812,,untracked
public/images/screenshots/screenshot-6.jpg,.jpg,49332,2026-08-06T13:10:47.633815,,untracked
public/index.html,.html,50340,2026-08-23T16:19:52.002258,,untracked
public/join.html,.html,20248,2026-08-19T12:09:18.473823,,untracked
public/js/admin-credentials.js,.js,20072,2026-08-07T14:54:16.235398,,untracked
public/js/admin.js,.js,6676,2026-08-19T06:14:25.015301,,untracked
public/js/api/client.js,.js,6704,2026-08-24T09:04:46.249936,,untracked
public/js/api/dashboard.js,.js,1080,2026-08-11T19:52:58.350017,,untracked
public/js/app.js,.js,507,2026-07-27T06:00:25.806148,,untracked
public/js/can_cap.js,.js,6040,2026-08-12T16:51:05.147619,,untracked
public/js/chart-theme.js,.js,1102,2026-08-19T09:00:43.140281,,untracked
public/js/components/copilot-widget.js,.js,22340,2026-08-24T08:27:22.836737,,untracked
public/js/dashboard-nav.js,.js,2479,2026-08-12T11:21:45.794983,,untracked
public/js/dashboard-render.js,.js,11411,2026-08-13T10:37:25.424093,,untracked
public/js/dashboard-utils.js,.js,2915,2026-08-20T15:35:59.954017,,untracked
public/js/dashboard.js,.js,28075,2026-08-24T09:54:36.483142,,untracked
public/js/demo-analytics.js,.js,7214,2026-08-21T19:59:44.946379,,untracked
public/js/demo-prospects.js,.js,9428,2026-08-21T21:56:41.687094,,untracked
public/js/department_resolver.js,.js,9969,2026-08-17T12:58:23.034356,,untracked
public/js/feedback.js,.js,9479,2026-08-09T21:23:02.648488,,untracked
public/js/firebase.js,.js,39213,2026-08-24T09:05:11.411935,,untracked
public/js/fishbone.js,.js,19097,2026-08-21T08:26:20.614348,,untracked
public/js/flight_diversions.js,.js,2327,2026-07-28T11:38:48.590826,,untracked
public/js/hazards.js,.js,4241,2026-08-20T15:35:59.956016,,untracked
public/js/help-drawer.js,.js,10565,2026-08-20T15:35:59.957013,,untracked
public/js/input_guard.js,.js,6273,2026-08-19T12:09:00.148664,,untracked
public/js/main.js,.js,3061,2026-08-06T13:11:31.322771,,untracked
public/js/mor.js,.js,21288,2026-08-17T12:59:57.108963,,untracked
public/js/psoe.js,.js,31879,2026-08-20T16:24:24.176671,,untracked
public/js/report.js,.js,7101,2026-08-20T15:35:59.957013,,untracked
public/js/reports.js,.js,2503,2026-07-28T08:54:06.819269,,untracked
public/js/risk_matrix.js,.js,13857,2026-08-20T15:35:59.957013,,untracked
public/js/shell.js,.js,15382,2026-08-24T09:05:16.654463,,untracked
public/js/srm.js,.js,73740,2026-08-21T09:54:54.891629,,untracked
public/js/team.js,.js,12208,2026-08-20T15:35:59.959015,,untracked
public/js/tenant.js,.js,5094,2026-08-18T19:11:21.737203,,untracked
public/js/tenant_context.js,.js,17240,2026-08-24T09:04:31.253679,,untracked
public/js/verification.js,.js,1525,2026-07-28T08:44:58.697421,,untracked
public/js/vsr.js,.js,17912,2026-08-17T12:59:53.260389,,untracked
public/login.html,.html,25135,2026-08-24T09:05:40.026858,,untracked
public/portal/dashboards/caan.html,.html,7937,2026-08-23T15:55:30.842503,,untracked
public/portal/dashboards/caan.js,.js,4566,2026-08-11T09:11:41.455871,,untracked
public/portal/dashboards/dashboard.js,.js,8420,2026-08-11T09:11:23.979069,,untracked
public/portal/dashboards/safety.html,.html,10699,2026-08-23T15:55:32.342266,,untracked
public/portal/index.html,.html,3573,2026-08-19T09:00:43.144284,,untracked
public/portal/survey/index.html,.html,1172,2026-08-19T09:00:43.144284,,untracked
public/privacy.html,.html,20976,2026-08-23T15:55:18.788273,,untracked
public/register.html,.html,17137,2026-08-19T12:09:14.758380,,untracked
public/report/detail.html,.html,24416,2026-08-20T15:35:59.960017,,untracked
public/report/mor.html,.html,39530,2026-08-19T09:00:43.148277,,untracked
public/report/vsr.html,.html,34571,2026-08-19T09:00:43.148277,,untracked
public/reports/generate.html,.html,9449,2026-08-19T09:00:43.149284,,untracked
public/reports/index.html,.html,10906,2026-08-19T09:00:43.150283,,untracked
public/reports/view.html,.html,15571,2026-08-24T09:55:16.997536,,untracked
public/risk-trends.html,.html,14751,2026-08-24T09:56:48.833608,,untracked
public/safety.html,.html,20923,2026-08-23T19:20:03.275090,,untracked
public/settings/team.html,.html,10491,2026-08-20T15:35:59.963017,,untracked
public/styles/global.css,.css,21938,2026-08-19T11:37:57.624840,,untracked
public/survey/app.js,.js,23084,2026-08-21T21:46:45.437981,,untracked
public/survey/default_q.js,.js,15573,2026-08-21T21:41:06.419737,,untracked
public/survey/index.html,.html,9209,2026-08-19T11:37:57.625844,,untracked
public/survey/style.css,.css,11533,2026-08-07T19:09:17.203094,,untracked
public/terms.html,.html,22061,2026-08-23T15:55:19.250083,,untracked
public/top-hazards.html,.html,13454,2026-08-24T09:55:01.086692,,untracked
quick_check.py,.py,390,2026-08-23T13:20:33.255756,,tracked
README.md,.md,7481,2026-08-24T06:43:36.538956,,tracked
render.yaml,.yaml,426,2026-08-24T18:38:30.866549,,tracked
replace_footer.py,.py,1032,2026-08-23T13:56:10.066346,,tracked
replace_footer2.py,.py,1128,2026-08-23T13:56:30.331108,,tracked
ROADMAP.md,.md,3105,2026-08-24T06:43:29.252639,,tracked
safety_orig.html,.html,19622,2026-08-23T05:21:45.519503,,tracked
scripts/firebase/backfill_normalize.py,.py,4715,2026-08-09T20:18:41.253211,,untracked
scripts/firebase/backups/hazards-backup-sms-db-beta-2026-08-07-08-35-44.json,.json,50559,2026-08-07T14:20:44.862349,,untracked
scripts/firebase/backups/hazards-backup-sms-db-beta-2026-08-07-08-36-24.json,.json,16106,2026-08-07T14:21:24.565111,,untracked
scripts/firebase/browser-console-check.js,.js,4878,2026-08-09T20:10:31.003400,,untracked
scripts/firebase/check-sita-air.js,.js,2948,2026-08-06T16:16:36.933887,,untracked
scripts/firebase/cleanup-junk-hazards.js,.js,3822,2026-08-10T14:46:48.640128,,untracked
scripts/firebase/db-probe.js,.js,1308,2026-08-07T14:09:15.824822,,untracked
scripts/firebase/delete-users.js,.js,717,2026-07-26T19:52:39.097626,,untracked
scripts/firebase/dump-junk-hazards.js,.js,2009,2026-08-07T14:12:45.076322,,untracked
scripts/firebase/inspect-hazards.js,.js,4055,2026-08-07T14:10:46.360162,,untracked
scripts/firebase/inspect-report-hazard-link.js,.js,5271,2026-08-10T14:31:40.952203,,untracked
scripts/firebase/list-databases.js,.js,3171,2026-08-07T14:08:42.617024,,untracked
scripts/firebase/list_tenants.py,.py,1466,2026-08-09T20:18:04.263930,,untracked
scripts/firebase/repro-500.py,.py,5213,2026-08-09T20:01:35.658453,,untracked
scripts/firebase/seed-extra-hazards.js,.js,6814,2026-08-10T13:20:01.391626,,untracked
scripts/firebase/set-claims.js,.js,1397,2026-07-26T20:02:44.968919,,untracked
scripts/firebase/verify-claims.js,.js,1152,2026-07-26T20:04:19.114275,,untracked
scripts/firebase/verify-feedback.js,.js,4707,2026-08-09T21:31:06.674424,,untracked
scripts/firebase/verify-reporting.js,.js,4425,2026-08-09T21:18:55.205680,,untracked
scripts/firebase/verify-risk-trends.js,.js,2635,2026-08-09T21:14:54.226813,,untracked
scripts/firebase/verify_beta_hazards_reports.py,.py,2756,2026-08-09T20:27:30.371352,,untracked
scripts/fix-tenant-ids.py,.py,1044,2026-07-29T10:00:19.137843,,untracked
scripts/provision-20-airlines.js,.js,4610,2026-08-02T10:43:55.074133,,untracked
scripts/seed/check_seed.py,.py,778,2026-08-02T10:44:16.764402,,untracked
scripts/seed/run_seed.py,.py,1161,2026-08-02T10:44:06.128961,,untracked
src/layouts/BaseLayout.astro,.astro,2770,2026-07-27T17:46:09.017601,,untracked
src/pages/index.astro,.astro,7660,2026-07-27T17:46:09.020638,,untracked
src/styles/global.css,.css,62,2026-07-27T17:46:09.023179,,untracked
start_demo.bat,.bat,2332,2026-08-23T21:37:46.479964,,tracked
storage/storage.rules,.rules,2028,2026-08-22T07:01:07.260992,,untracked
Survey Questions for AviaSAFE-SMS.pdf,.pdf,60911,2026-08-17T10:34:22.136197,,tracked
Survey Questions for AviaSAFE-SMS.txt,.txt,10988,2026-08-17T10:34:10.284879,,tracked
tailwind.config.mjs,.mjs,660,2026-08-18T19:11:21.762722,,tracked
tests/e2e/e2e_auth.py,.py,2628,2026-08-04T13:22:31.773162,,untracked
tests/e2e/e2e_diag.py,.py,5099,2026-08-04T13:22:31.796162,,untracked
tests/e2e/e2e_route_check.py,.py,2351,2026-07-28T14:53:13.984787,,untracked
tests/e2e/e2e_setup_claims.py,.py,1122,2026-08-02T10:44:24.646089,,untracked
tests/e2e/e2e_test.py,.py,16538,2026-08-04T13:22:31.800169,,untracked
tests/e2e/e2e_test2.py,.py,12566,2026-08-04T13:22:31.802167,,untracked
tests/e2e/e2e_tokens.json,.json,4003,2026-07-28T14:43:09.165114,,untracked
tests/e2e/live_validation.py,.py,16262,2026-08-05T06:04:47.617964,,untracked
tests/e2e/test_dash.py,.py,832,2026-08-04T13:22:31.805165,,untracked
tests/README.md,.md,3708,2026-08-05T06:26:34.360166,,untracked
tests/test_security_boundaries.py,.py,0,2026-08-22T13:36:30.715208,,untracked
tsconfig.json,.json,114,2026-07-27T17:46:09.026226,,tracked
UAT_DEFECT_REGISTER.md,.md,20211,2026-08-05T06:27:30.982923,,tracked
verify_fix.py,.py,810,2026-08-23T13:19:43.888683,,tracked